free U2AF65 level (uM),,11.081
intron levels (albitrary unit),intron 1,4.5596
,intron 2,1.1467
,intron 3,0.55013
,intron 4,1.6687
,intron 5,3.7129
,intron 6,1.9761
,intron 7,15.837
,intron 8,31.89
,intron 9,12.983
,intron 10,22.736
,intron 11,16.226
,intron 12,8.6033
,intron 13,3.1923
,intron 14,4.5741
,intron 15,3.8771
,intron 16,3.8482
,intron 17,11.989
,intron 18,4.8234
,intron 19,1.1413
,intron 20,0.65083
,intron 21,0.90164
,intron 22,0.70135
,intron 23,0.83008
,intron 24,0.39891
,intron 25,7.0377
,intron 26,7.9898
,intron 27,5.2017
,intron 28,1.6087
,intron 29,1.7767